sParty_BirdKeeperMilo,520
sParty_BirdKeeperChaz,520
sParty_BirdKeeperHarold,520
sParty_PainterDaisy,517
sParty_PainterCelina,517
sParty_PainterRayna,517
sParty_LadyJacki,517
sParty_LadyGillian,517
sParty_YoungsterDestin,517
sParty_SwimmerMaleToby,517
sParty_PkmnBreederAlize,518
sParty_SwimmerFemaleMaria,512
sParty_SwimmerFemaleAbigail,512
sParty_SwimmerMaleFinn,512
sParty_SwimmerMaleGarrett,512
sParty_FishermanTommy,512
sParty_CrushGirlSharon,512
sParty_CrushGirlTanya,512
sParty_BlackBeltShea,512
sParty_BlackBeltHugh,512
sParty_CamperBryce,512
sParty_PicnickerClaire,512
sParty_CrushKinMikKia,512
sParty_SwimmerFemaleAmara,513
sParty_PicnickerHeidi,304
sParty_PicnickerCarol,304
sParty_PokemaniacMark,304
sParty_PokemaniacHerman,304
sParty_HikerClark,304
sParty_HikerTrent,304
sParty_YoungsterEddie,305
sParty_YoungsterDillon,305
sParty_YoungsterYasu,305
sParty_YoungsterDave,305
sParty_EngineerBraxton,305
sParty_EngineerBernie,305
sParty_GamerHugo,305
sParty_GamerJasper,305
sParty_GamerDirk,305
sParty_GamerDarian,305
sParty_FishermanNed,276
sParty_FishermanChip,276
sParty_FishermanHank,276
sParty_FishermanElliot,276
sParty_FishermanAndrew,276
sParty_RockerLuca,276
sParty_CamperJustin,276
sParty_YoungCoupleGiaJes,276
sParty_BikerJared,306
sParty_BeautyLola,306
sParty_BeautySheila,306
sParty_BirdKeeperSebastian,306
sParty_BirdKeeperPerry,306
sParty_BirdKeeperRobert,306
sParty_PicnickerAlma,306
sParty_PicnickerSusie,306
sParty_PicnickerValerie,306
sParty_PicnickerGwen,306
sParty_BikerMalik,307
sParty_BikerLukas,307
sParty_BikerIsaac,307
sParty_BikerGerald,307
sParty_BirdKeeperDonald,307
sParty_BirdKeeperBenny,307
sParty_BirdKeeperCarter,307
sParty_BirdKeeperMitch,307
sParty_BirdKeeperBeck,307
sParty_BirdKeeperMarlon,307
sParty_TwinsKiriJan,307
sParty_BikerErnest,308
sParty_BikerAlex,308
sParty_BeautyGrace,308
sParty_BeautyOlivia,308
sParty_BirdKeeperEdwin,308
sParty_BirdKeeperChester,308
sParty_PicnickerYazmin,308
sParty_PicnickerKindra,308
sParty_PicnickerBecky,308
sParty_PicnickerCelia,308
sParty_CrushKinRonMya,308
sParty_BikerLao,309
sParty_BikerHideo,309
sParty_BikerRuben,309
sParty_CueBallKoji,309
sParty_CueBallLuke,309
sParty_CueBallCamron,309
sParty_YoungCoupleLeaJed,309
sParty_BikerBilly,310
sParty_BikerNikolas,310
sParty_BikerJaxon,310
sParty_BikerWilliam,310
sParty_CueBallRaul,310
sParty_CueBallIsaiah,310
sParty_CueBallZeek,310
sParty_CueBallJamal,310
sParty_CueBallCorey,310
sParty_BikerVirgil,310
sParty_BirdKeeperWilton,311
sParty_BirdKeeperRamiro,311
sParty_BirdKeeperJacob,311
sParty_SwimmerMaleRichard,277
sParty_SwimmerMaleReece,277
sParty_SwimmerMaleMatthew,277
sParty_SwimmerMaleDouglas,277
sParty_SwimmerMaleDavid,277
sParty_SwimmerMaleTony,277
sParty_SwimmerMaleAxle,277
sParty_SwimmerFemaleAnya,277
sParty_SwimmerFemaleAlice,277
sParty_SwimmerFemaleConnie,277
sParty_SisAndBroLiaLuc,277
sParty_SwimmerMaleBarry,278
sParty_SwimmerMaleDean,278
sParty_SwimmerMaleDarrin,278
sParty_SwimmerFemaleTiffany,278
sParty_SwimmerFemaleNora,278
sParty_SwimmerFemaleMelissa,278
sParty_SwimmerFemaleShirley,278
sParty_BirdKeeperRoger,278
sParty_PicnickerMissy,278
sParty_PicnickerIrene,278
sParty_FishermanRonald,312
sParty_FishermanClaude,312
sParty_FishermanWade,312
sParty_FishermanNolan,312
sParty_SwimmerMaleSpencer,312
sParty_SwimmerMaleJack,312
sParty_SwimmerMaleJerome,312
sParty_SwimmerMaleRoland,312
sParty_SisAndBroLilIan,312
sParty_YoungsterTimmy,314
sParty_BugCatcherCale,314
sParty_LassReli,314
sParty_LassAli,314
sParty_CamperShane,314
sParty_CamperEthan,314
sParty_YoungsterJoey,315
sParty_YoungsterDan,315
sParty_YoungsterChad,315
sParty_PicnickerKelsey,315
sParty_LassHaley,315
sParty_HikerFranklin,315
sParty_HikerNob,315
sParty_HikerWayne,315
sParty_CamperFlint,315
sParty_YoungsterBen,297
sParty_YoungsterCalvin,297
sParty_BugCatcherColton,297
sParty_BugCatcherGreg,297
sParty_BugCatcherJames,297
sParty_LassJanice,297
sParty_LassSally,297
sParty_LassRobin,297
sParty_LassCrissy,298
sParty_BugCatcherKeigo,300
sParty_BugCatcherElijah,300
sParty_CamperRicky,300
sParty_CamperJeff,300
sParty_PicnickerNancy,300
sParty_PicnickerIsabelle,300
sParty_LassPaige,302
sParty_LassAndrea,302
sParty_LassMegan,302
sParty_LassJulia,302
sParty_SuperNerdAidan,302
sParty_SuperNerdGlenn,302
sParty_SuperNerdLeslie,302
sParty_GamerStan,302
sParty_GamerRich,302
sParty_TwinsEliAnne,302
sParty_BikerRicardo,302
sParty_BikerJaren,302
sParty_BugCatcherBrent,303
sParty_BugCatcherConner,303
sParty_CamperChris,303
sParty_CamperDrew,303
sParty_PicnickerAlicia,303
sParty_PicnickerCaitlin,303
sParty_HikerAlan,303
sParty_HikerBrice,303
sParty_HikerJeremy,303
sParty_CrushGirlCyndy,527
sParty_TamerEvan,527
sParty_PkmnRangerJackson,527
sParty_PkmnRangerKatelyn,527
sParty_CooltrainerLeroy,527
sParty_CooltrainerMichelle,527
sParty_CoolCoupleLexNya,527
sParty_AromaLadyMiah,526
sParty_YoungCoupleEveJon,526
sParty_JugglerMason,526
sParty_PkmnRangerNicolas,526
sParty_PkmnRangerMadeline,526
sParty_RuinManiacBrandon,528
sParty_RuinManiacBenjamin,528
sParty_PainterEdna,528
sParty_GentlemanClifford,528
sParty_PsychicDario,525
sParty_PsychicRodette,525
sParty_PsychicJaclyn,522
sParty_FishermanTylor,521
sParty_SwimmerMaleMymo,521
sParty_SwimmerFemaleNicole,521
sParty_SisAndBroAvaGeb,521
sParty_RuinManiacStanly,524
sParty_RuinManiacFoster,524
sParty_RuinManiacLarry,524
sParty_HikerDaryl,524
sParty_PokemaniacHector,524
sParty_AromaLadyRose,523
sParty_JugglerEdward,523
sParty_SwimmerMaleSamir,523
sParty_SwimmerFemaleDenise,523
sParty_TwinsMiuMia,523
sParty_HikerEarl,523
sParty_AromaLadyNikki,515
sParty_AromaLadyViolet,515
sParty_TuberAmira,515
sParty_TuberAlexis,515
sParty_SwimmerFemaleTisha,515
sParty_TwinsJoyMeg,515